{
  "evaluation_config": {
    "scenario": "mixed",
    "iou_threshold": 0.5,
    "total_images": 10,
    "evaluation_time": 1287.269483089447
  },
  "aggregate_stats": {
    "micro_precision": 0.5306122448979592,
    "micro_recall": 0.5531914893617021,
    "micro_f1": 0.5416666666666667,
    "macro_precision": 0.55,
    "macro_recall": 0.6059523809523809,
    "macro_f1": 0.5513797313797314,
    "total_true_positives": 26,
    "total_false_positives": 23,
    "total_false_negatives": 21,
    "avg_inference_time": 128.6272664785385,
    "avg_detections_per_image": 4.9,
    "avg_gt_per_image": 4.7,
    "images_with_detections": 10,
    "images_with_gt": 10
  },
  "per_image_results": [
    {
      "precision": 0.5,
      "recall": 0.5714285714285714,
      "f1": 0.5333333333333333,
      "true_positives": 4,
      "false_positives": 4,
      "false_negatives": 3,
      "average_precision": 0.5,
      "matched_pairs": [
        [
          1,
          0,
          0.9284705977947808
        ],
        [
          2,
          2,
          0.6913279894020474
        ],
        [
          3,
          4,
          0.7992946493754572
        ],
        [
          4,
          6,
          0.5151680951417189
        ]
      ],
      "image_path": "C:/Users/Matteo/Desktop/Maja/Master-2025-Boat-Detection-and-Classification/test_data/images\\1754318798.063479748.png",
      "gt_count": 7,
      "pred_count": 8,
      "inference_time": 137.01346898078918,
      "scenario": "mixed",
      "image_size": [
        1920,
        1080
      ]
    },
    {
      "precision": 0.6666666666666666,
      "recall": 0.5,
      "f1": 0.5714285714285715,
      "true_positives": 2,
      "false_positives": 1,
      "false_negatives": 2,
      "average_precision": 0.6666666666666666,
      "matched_pairs": [
        [
          0,
          0,
          0.870606812411354
        ],
        [
          1,
          2,
          0.7696603868681854
        ]
      ],
      "image_path": "C:/Users/Matteo/Desktop/Maja/Master-2025-Boat-Detection-and-Classification/test_data/images\\1754318818.063256569.png",
      "gt_count": 4,
      "pred_count": 3,
      "inference_time": 116.01624917984009,
      "scenario": "mixed",
      "image_size": [
        1920,
        1080
      ]
    },
    {
      "precision": 0.6666666666666666,
      "recall": 0.5714285714285714,
      "f1": 0.6153846153846153,
      "true_positives": 4,
      "false_positives": 2,
      "false_negatives": 3,
      "average_precision": 0.6666666666666666,
      "matched_pairs": [
        [
          0,
          3,
          0.5792259921922661
        ],
        [
          1,
          6,
          0.7686777654349876
        ],
        [
          2,
          2,
          0.7225236935286644
        ],
        [
          3,
          4,
          0.7690681506484754
        ]
      ],
      "image_path": "C:/Users/Matteo/Desktop/Maja/Master-2025-Boat-Detection-and-Classification/test_data/images\\1754318848.064406890.png",
      "gt_count": 7,
      "pred_count": 6,
      "inference_time": 121.08301663398743,
      "scenario": "mixed",
      "image_size": [
        1920,
        1080
      ]
    },
    {
      "precision": 0.6666666666666666,
      "recall": 0.6666666666666666,
      "f1": 0.6666666666666666,
      "true_positives": 2,
      "false_positives": 1,
      "false_negatives": 1,
      "average_precision": 0.6666666666666666,
      "matched_pairs": [
        [
          0,
          0,
          0.8194637235715205
        ],
        [
          1,
          1,
          0.536758019472204
        ]
      ],
      "image_path": "C:/Users/Matteo/Desktop/Maja/Master-2025-Boat-Detection-and-Classification/test_data/images\\1754318958.061332039.png",
      "gt_count": 3,
      "pred_count": 3,
      "inference_time": 115.99055004119873,
      "scenario": "mixed",
      "image_size": [
        1920,
        1080
      ]
    },
    {
      "precision": 0.5,
      "recall": 0.6666666666666666,
      "f1": 0.5714285714285715,
      "true_positives": 4,
      "false_positives": 4,
      "false_negatives": 2,
      "average_precision": 0.5,
      "matched_pairs": [
        [
          0,
          1,
          0.7679814707809532
        ],
        [
          1,
          2,
          0.8578001280064992
        ],
        [
          4,
          4,
          0.5486565256530352
        ],
        [
          5,
          0,
          0.7037750619531283
        ]
      ],
      "image_path": "C:/Users/Matteo/Desktop/Maja/Master-2025-Boat-Detection-and-Classification/test_data/images\\1754319028.063083786.png",
      "gt_count": 6,
      "pred_count": 8,
      "inference_time": 122.47729921340942,
      "scenario": "mixed",
      "image_size": [
        1920,
        1080
      ]
    },
    {
      "precision": 0.5,
      "recall": 0.3333333333333333,
      "f1": 0.4,
      "true_positives": 2,
      "false_positives": 2,
      "false_negatives": 4,
      "average_precision": 0.5,
      "matched_pairs": [
        [
          0,
          0,
          0.791910463275534
        ],
        [
          1,
          2,
          0.8341650473970398
        ]
      ],
      "image_path": "C:/Users/Matteo/Desktop/Maja/Master-2025-Boat-Detection-and-Classification/test_data/images\\1754319153.363568455.png",
      "gt_count": 6,
      "pred_count": 4,
      "inference_time": 136.7212610244751,
      "scenario": "mixed",
      "image_size": [
        1920,
        1080
      ]
    },
    {
      "precision": 0.5,
      "recall": 1.0,
      "f1": 0.6666666666666666,
      "true_positives": 1,
      "false_positives": 1,
      "false_negatives": 0,
      "average_precision": 0.5,
      "matched_pairs": [
        [
          0,
          0,
          0.8671752698135335
        ]
      ],
      "image_path": "C:/Users/Matteo/Desktop/Maja/Master-2025-Boat-Detection-and-Classification/test_data/images\\1754319383.432057204.png",
      "gt_count": 1,
      "pred_count": 2,
      "inference_time": 135.67651510238647,
      "scenario": "mixed",
      "image_size": [
        1920,
        1080
      ]
    },
    {
      "precision": 0.5,
      "recall": 0.75,
      "f1": 0.6,
      "true_positives": 3,
      "false_positives": 3,
      "false_negatives": 1,
      "average_precision": 0.5,
      "matched_pairs": [
        [
          0,
          0,
          0.8530600217610448
        ],
        [
          1,
          2,
          0.82712231767697
        ],
        [
          2,
          1,
          0.5659197083940756
        ]
      ],
      "image_path": "C:/Users/Matteo/Desktop/Maja/Master-2025-Boat-Detection-and-Classification/test_data/images\\1754319403.427944433.png",
      "gt_count": 4,
      "pred_count": 6,
      "inference_time": 137.21309447288513,
      "scenario": "mixed",
      "image_size": [
        1920,
        1080
      ]
    },
    {
      "precision": 0.3333333333333333,
      "recall": 0.6666666666666666,
      "f1": 0.4444444444444444,
      "true_positives": 2,
      "false_positives": 4,
      "false_negatives": 1,
      "average_precision": 0.3333333333333333,
      "matched_pairs": [
        [
          0,
          1,
          0.7418873242387178
        ],
        [
          1,
          0,
          0.866254728935447
        ]
      ],
      "image_path": "C:/Users/Matteo/Desktop/Maja/Master-2025-Boat-Detection-and-Classification/test_data/images\\1754319458.702755711.png",
      "gt_count": 3,
      "pred_count": 6,
      "inference_time": 135.26635909080505,
      "scenario": "mixed",
      "image_size": [
        1920,
        1080
      ]
    },
    {
      "precision": 0.6666666666666666,
      "recall": 0.3333333333333333,
      "f1": 0.4444444444444444,
      "true_positives": 2,
      "false_positives": 1,
      "false_negatives": 4,
      "average_precision": 0.6666666666666666,